{
  "_split_provenance": {
    "full_catalog_sha256": "55683290d81c66a51d9fb2250b0c8461ae93f90b30f1b5db2a82e19a6d463cb5",
    "schema": "lerobot-train-statistics-v1",
    "train_catalog_sha256": "c70e30a0145986704d7be17e3d3094a9fca6b4ba03ab26a1156730ed2af3ceec",
    "train_episode_count": 1510,
    "train_frame_count": 2265546
  },
  "action": {
    "count": [
      2265546
    ],
    "max": [
      3.110003709793091,
      2.2561287879943848,
      3.1100075244903564,
      2.3600027561187744,
      3.2090392112731934,
      2.3169052600860596,
      6.412485599517822,
      3.110004186630249,
      2.2699999809265137,
      3.1166300773620605,
      2.6007792949676514,
      3.110006809234619,
      2.2300026416778564,
      6.28000020980835
    ],
    "mean": [
      -0.15827006904863586,
      -0.8998592574733069,
      -0.3072791605021743,
      -1.3027059000186043,
      0.766074926257129,
      0.7886380189069977,
      0.9827611710849478,
      0.413367611200452,
      0.9315018922127014,
      0.31762617112414804,
      1.176365774713647,
      -0.7046109845774826,
      -0.6899982796237062,
      -0.980921190194491
    ],
    "min": [
      -3.109999895095825,
      -2.221414089202881,
      -3.1982197761535645,
      -2.5146050453186035,
      -3.1146621704101562,
      -2.2300004959106445,
      -6.28000020980835,
      -3.1100053787231445,
      -2.2132132053375244,
      -3.1100082397460938,
      -2.360002040863037,
      -3.1415927410125732,
      -2.2300596237182617,
      -6.2800612449646
    ],
    "q01": [
      -2.0757759690284727,
      -2.093350899219513,
      -3.109999895095825,
      -2.359999895095825,
      -2.8987134456634522,
      -2.049051523208618,
      -5.335888671875,
      -3.109999895095825,
      -1.9927564859390259,
      -3.057303726673126,
      -2.359999895095825,
      -3.109999895095825,
      -2.207885265350342,
      -6.28000020980835
    ],
    "q10": [
      -1.5933422446250916,
      -1.784658670425415,
      -2.334768056869507,
      -2.198355197906494,
      -0.9145008027553558,
      -0.9930701851844788,
      -1.026688277721405,
      -1.536517858505249,
      -1.3720645308494568,
      -0.6621406078338623,
      -1.2389580607414246,
      -2.235940098762512,
      -1.8478161692619324,
      -3.159640073776245
    ],
    "q50": [
      -0.5401608049869537,
      -1.3471739292144775,
      -0.18671351671218872,
      -1.6317319869995117,
      0.7713566422462463,
      1.0814073085784912,
      1.1284064054489136,
      0.9039420783519745,
      1.2855963706970215,
      0.015305452048778534,
      1.6174569129943848,
      -0.8207424283027649,
      -1.0045401453971863,
      -0.8795570731163025
    ],
    "q90": [
      1.9012606143951416,
      1.4318242073059082,
      0.7204543650150299,
      0.38720355927944183,
      2.4277329444885254,
      1.857395350933075,
      2.6863787174224854,
      1.7068272829055786,
      1.7563947439193726,
      2.5270007848739624,
      2.2159650325775146,
      1.1325069069862366,
      1.2276858687400818,
      0.882785975933075
    ],
    "q99": [
      3.109999895095825,
      1.8855907917022705,
      3.109999895095825,
      2.2269569873809765,
      3.109999895095825,
      2.14926815032959,
      5.299496698379506,
      2.3053545236587483,
      2.0863897800445557,
      3.109999895095825,
      2.359999895095825,
      3.109999895095825,
      2.1330752611160277,
      4.156467914581288
    ],
    "std": [
      1.3622937537317925,
      1.146359061830547,
      1.2808603316470744,
      1.0990603178259875,
      1.3003975493632927,
      1.0958528713378315,
      1.7890841318697444,
      1.3704733224249297,
      1.0787991519323155,
      1.2452508945973715,
      1.2166954981272973,
      1.2908333144985182,
      1.1421136419734057,
      1.7612237694551103
    ]
  },
  "episode_index": {
    "count": [
      2265546
    ],
    "max": [
      1637.0
    ],
    "mean": [
      979.2340305604035
    ],
    "min": [
      0.0
    ],
    "q01": [
      13.0
    ],
    "q10": [
      205.0
    ],
    "q50": [
      1067.0
    ],
    "q90": [
      1574.0
    ],
    "q99": [
      1631.0
    ],
    "std": [
      507.22888917917464
    ]
  },
  "frame_index": {
    "count": [
      2265546
    ],
    "max": [
      13663.0
    ],
    "mean": [
      1266.2735128750421
    ],
    "min": [
      0.0
    ],
    "q01": [
      15.0
    ],
    "q10": [
      150.0
    ],
    "q50": [
      787.0
    ],
    "q90": [
      2956.5
    ],
    "q99": [
      7416.0
    ],
    "std": [
      1477.8972103100177
    ]
  },
  "index": {
    "count": [
      2265546
    ],
    "max": [
      2452691.0
    ],
    "mean": [
      1225533.0633666234
    ],
    "min": [
      0.0
    ],
    "q01": [
      22655.45
    ],
    "q10": [
      244171.5
    ],
    "q50": [
      1220619.5
    ],
    "q90": [
      2219139.5
    ],
    "q99": [
      2430035.55
    ],
    "std": [
      711587.5498057471
    ]
  },
  "observation.state": {
    "count": [
      2265546
    ],
    "max": [
      3.109999895095825,
      2.256239414215088,
      3.1163899898529053,
      2.3628268241882324,
      3.115535020828247,
      2.2459070682525635,
      6.283394813537598,
      3.1092517375946045,
      2.269015312194824,
      3.110004186630249,
      2.3626348972320557,
      3.126530408859253,
      2.232729911804199,
      6.281003475189209
    ],
    "mean": [
      -0.15598067116895217,
      -0.900550880703509,
      -0.3069093045611636,
      -1.3019682946921673,
      0.7683868899304164,
      0.7890136014878246,
      0.9816164186077327,
      0.4109237419049662,
      0.9323082508437648,
      0.31754094285543916,
      1.176073104750335,
      -0.7064905439877895,
      -0.6908453082747475,
      -0.9805262485732448
    ],
    "min": [
      -3.109999895095825,
      -2.2193257808685303,
      -3.110473394393921,
      -2.365339994430542,
      -3.1170010566711426,
      -2.232764720916748,
      -6.280462265014648,
      -3.109999895095825,
      -2.2067244052886963,
      -3.1145925521850586,
      -2.359999895095825,
      -3.1230573654174805,
      -2.23215389251709,
      -6.287129878997803
    ],
    "q01": [
      -2.064462661743164,
      -2.093479669094086,
      -3.1066861152648926,
      -2.359999895095825,
      -2.8812594413757324,
      -2.0448801517486572,
      -5.328113412857055,
      -3.1066861152648926,
      -1.9923456907272339,
      -3.0539770126342773,
      -2.3324406147003174,
      -3.106616258621216,
      -2.207092833518982,
      -6.279956340789795
    ],
    "q10": [
      -1.5908502340316772,
      -1.7830982208251953,
      -2.3382437229156494,
      -2.189131498336792,
      -0.9076759219169617,
      -0.9917347431182861,
      -1.0310357809066772,
      -1.5391098260879517,
      -1.3683207035064697,
      -0.657273530960083,
      -1.2389394044876099,
      -2.236011028289795,
      -1.8412177562713623,
      -3.150136113166809
    ],
    "q50": [
      -0.540139377117157,
      -1.3475850820541382,
      -0.186610609292984,
      -1.6321970224380493,
      0.7738441228866577,
      1.0826627016067505,
      1.1279888153076172,
      0.9018918871879578,
      1.2863250970840454,
      0.01607448235154152,
      1.617309331893921,
      -0.8210503160953522,
      -1.0058332681655884,
      -0.8793492317199707
    ],
    "q90": [
      1.90705144405365,
      1.427574634552002,
      0.709773063659668,
      0.4173780381679535,
      2.4283814430236816,
      1.8536878824234009,
      2.6794382333755493,
      1.7042092680931091,
      1.7547017335891724,
      2.527838945388794,
      2.2072482109069824,
      1.130554437637329,
      1.2147142887115479,
      0.8824865818023682
    ],