{
  "_split_provenance": {
    "full_catalog_sha256": "55683290d81c66a51d9fb2250b0c8461ae93f90b30f1b5db2a82e19a6d463cb5",
    "schema": "lerobot-train-statistics-v1",
    "train_catalog_sha256": "0a55f1602f10bcb817e7f0554fbbeab64490830715f90abe10261f3352f11d7c",
    "train_episode_count": 1542,
    "train_frame_count": 2304088
  },
  "action": {
    "count": [
      2304088
    ],
    "max": [
      3.110003709793091,
      2.2561287879943848,
      3.1100075244903564,
      2.3600027561187744,
      3.2090392112731934,
      2.3169052600860596,
      6.412485599517822,
      3.110004186630249,
      2.2699999809265137,
      3.1166300773620605,
      2.6007792949676514,
      3.110006809234619,
      2.2300026416778564,
      6.28000020980835
    ],
    "mean": [
      -0.14777217437395898,
      -0.8906103286541969,
      -0.30988495009450756,
      -1.298069107746798,
      0.7663814950354814,
      0.7830400197767466,
      0.9733249903376027,
      0.4065380508233643,
      0.9248460044853537,
      0.3150652595256323,
      1.166728639745223,
      -0.6960859017804855,
      -0.6871240294579656,
      -0.9818169850898614
    ],
    "min": [
      -3.109999895095825,
      -2.221414089202881,
      -3.1982197761535645,
      -2.5146050453186035,
      -3.1146621704101562,
      -2.2300004959106445,
      -6.28000020980835,
      -3.1100053787231445,
      -2.2132132053375244,
      -3.1100082397460938,
      -2.360002040863037,
      -3.1415927410125732,
      -2.2300596237182617,
      -6.2800612449646
    ],
    "q01": [
      -2.0724048709869383,
      -2.093867540359497,
      -3.109999895095825,
      -2.359999895095825,
      -2.894743916988373,
      -2.0527132177352905,
      -5.336083617210388,
      -3.109999895095825,
      -1.9929215908050537,
      -3.0595873022079467,
      -2.359999895095825,
      -3.109999895095825,
      -2.2098162174224854,
      -6.28000020980835
    ],
    "q10": [
      -1.5918566584587097,
      -1.7844030618667603,
      -2.339733362197876,
      -2.1996738433837892,
      -0.91420841217041,
      -1.007547903060913,
      -1.10994803905487,
      -1.5514944076538084,
      -1.3841659188270568,
      -0.6667947888374328,
      -1.2673143029212952,
      -2.235299587249756,
      -1.8491533994674683,
      -3.1926537513732907
    ],
    "q50": [
      -0.5347463190555573,
      -1.3439702987670898,
      -0.1873456835746765,
      -1.6307382583618164,
      0.7712524235248566,
      1.0772413611412048,
      1.1246898174285889,
      0.900041401386261,
      1.2833051681518555,
      0.014933246187865734,
      1.6168237924575806,
      -0.817681759595871,
      -1.0018932819366455,
      -0.8812057077884674
    ],
    "q90": [
      1.930043959617615,
      1.4412788987159737,
      0.7188052594661715,
      0.49840603172779124,
      2.4276256561279297,
      1.8575954556465148,
      2.6839124441146853,
      1.7070280313491821,
      1.7565987229347229,
      2.5283048868179328,
      2.2153886795043944,
      1.1413077116012573,
      1.2459149360656763,
      0.9367232203483616
    ],
    "q99": [
      3.109999895095825,
      1.8859472274780273,
      3.109999895095825,
      2.227542231082915,
      3.109999895095825,
      2.15063214302063,
      5.300926637649529,
      2.308927536010742,
      2.0863914799690244,
      3.109999895095825,
      2.359999895095825,
      3.109999895095825,
      2.132709503173828,
      4.198546886444092
    ],
    "std": [
      1.3680134044745242,
      1.1538144795538015,
      1.2827042211937763,
      1.104648218426639,
      1.300198824626821,
      1.1006142719629846,
      1.7974723222918856,
      1.3772385460101253,
      1.084672128527491,
      1.2501543149714487,
      1.2264595348763214,
      1.2988788134391023,
      1.1453349297418935,
      1.7736308072812796
    ]
  },
  "episode_index": {
    "count": [
      2304088
    ],
    "max": [
      1637.0
    ],
    "mean": [
      979.5463797389683
    ],
    "min": [
      0.0
    ],
    "q01": [
      14.0
    ],
    "q10": [
      206.0
    ],
    "q50": [
      1065.0
    ],
    "q90": [
      1573.0
    ],
    "q99": [
      1631.0
    ],
    "std": [
      506.2902021734856
    ]
  },
  "frame_index": {
    "count": [
      2304088
    ],
    "max": [
      13663.0
    ],
    "mean": [
      1257.0167024870577
    ],
    "min": [
      0.0
    ],
    "q01": [
      14.0
    ],
    "q10": [
      149.0
    ],
    "q50": [
      783.0
    ],
    "q90": [
      2928.0
    ],
    "q99": [
      7374.0
    ],
    "std": [
      1468.700926034059
    ]
  },
  "index": {
    "count": [
      2304088
    ],
    "max": [
      2452691.0
    ],
    "mean": [
      1225447.9859614738
    ],
    "min": [
      0.0
    ],
    "q01": [
      23040.87
    ],
    "q10": [
      245646.7
    ],
    "q50": [
      1218602.5
    ],
    "q90": [
      2217526.3
    ],
    "q99": [
      2429650.13
    ],
    "std": [
      710285.7548004842
    ]
  },
  "observation.state": {
    "count": [
      2304088
    ],
    "max": [
      3.109999895095825,
      2.256239414215088,
      3.1163899898529053,
      2.3628268241882324,
      3.115535020828247,
      2.2459070682525635,
      6.283394813537598,
      3.1092517375946045,
      2.269015312194824,
      3.110004186630249,
      2.3626348972320557,
      3.126530408859253,
      2.232729911804199,
      6.281003475189209
    ],
    "mean": [
      -0.1455102943149576,
      -0.8913309462224246,
      -0.30952585871458826,
      -1.297385166392894,
      0.7686817449366565,
      0.7834095977670149,
      0.9721764404460137,
      0.40402663747935347,
      0.9256975172414734,
      0.31496498803843803,
      1.1664659685754157,
      -0.6980336354086544,
      -0.6879677958983084,
      -0.9813805461191195
    ],
    "min": [
      -3.109999895095825,
      -2.2193257808685303,
      -3.110473394393921,
      -2.365339994430542,
      -3.1170010566711426,
      -2.232764720916748,
      -6.281789302825928,
      -3.109999895095825,
      -2.2067244052886963,
      -3.1145925521850586,
      -2.359999895095825,
      -3.1230573654174805,
      -2.23215389251709,
      -6.287129878997803
    ],
    "q01": [
      -2.0611336493492125,
      -2.0941182351112366,
      -3.1066861152648926,
      -2.359999895095825,
      -2.8778232622146604,
      -2.0479519367218018,
      -5.328381824493408,
      -3.1066861152648926,
      -1.992869257926941,
      -3.0560715198516846,
      -2.3377507305145264,
      -3.106616258621216,
      -2.2078938484191895,
      -6.279991149902344
    ],
    "q10": [
      -1.5893388986587524,
      -1.782784104347229,
      -2.3428814888000487,
      -2.1903183460235596,
      -0.9070127010345459,
      -1.0061473846435547,
      -1.113879549503326,
      -1.5519815683364868,
      -1.379333734512329,
      -0.6614448428153992,
      -1.2651071310043334,
      -2.2357842922210693,
      -1.8424917459487915,
      -3.1849989891052246
    ],
    "q50": [
      -0.5334599018096924,
      -1.3446714878082275,
      -0.18729060888290405,
      -1.6311149597167969,
      0.7737009525299072,
      1.0790672302246094,
      1.1246203184127808,
      0.8983733057975769,
      1.284143328666687,
      0.015672914683818817,
      1.616715908050537,
      -0.817922830581665,
      -1.0032716989517212,
      -0.8808327317237854
    ],
    "q90": [
      1.9408410787582397,
      1.4376626014709473,
      0.7085565686225899,
      0.5267939686775254,
      2.4280498027801514,
      1.8538713455200195,
      2.6771433353424072,
      1.7042616605758667,
      1.7548369526863101,
      2.528835558891298,
      2.206672191619873,
      1.141305685043335,
      1.2333019971847534,
      0.9342289328575142
    ],