{
  "_split_provenance": {
    "full_catalog_sha256": "55683290d81c66a51d9fb2250b0c8461ae93f90b30f1b5db2a82e19a6d463cb5",
    "schema": "lerobot-train-statistics-v1",
    "train_catalog_sha256": "3090f03c48aa94e3108ead3f591c3c8c8924313d7b9a6eac559d5943681ccbe0",
    "train_episode_count": 1542,
    "train_frame_count": 2303488
  },
  "action": {
    "count": [
      2303488
    ],
    "max": [
      3.110003709793091,
      2.2561287879943848,
      3.1100075244903564,
      2.3600027561187744,
      3.2090392112731934,
      2.3169052600860596,
      6.412485599517822,
      3.110004186630249,
      2.2699999809265137,
      3.1166300773620605,
      2.6007792949676514,
      3.110006809234619,
      2.2300026416778564,
      6.28000020980835
    ],
    "mean": [
      -0.1474602088218011,
      -0.8906012902100476,
      -0.3099133481283514,
      -1.297765673373899,
      0.7658621863278133,
      0.7836343447951184,
      0.9735731176019048,
      0.4064817183900808,
      0.9247211738628563,
      0.314969994990823,
      1.1665760571835535,
      -0.696545489891388,
      -0.6875419482227588,
      -0.9810980763407485
    ],
    "min": [
      -3.109999895095825,
      -2.221414089202881,
      -3.1982197761535645,
      -2.5146050453186035,
      -3.1146621704101562,
      -2.2300004959106445,
      -6.28000020980835,
      -3.1100053787231445,
      -2.2132132053375244,
      -3.1100082397460938,
      -2.360002040863037,
      -3.1415927410125732,
      -2.2300596237182617,
      -6.2800612449646
    ],
    "q01": [
      -2.0717900681495665,
      -2.093932628631592,
      -3.109999895095825,
      -2.359999895095825,
      -2.8948974418640137,
      -2.052734613418579,
      -5.336155495643616,
      -3.109999895095825,
      -1.9929215908050537,
      -3.0595998764038086,
      -2.359999895095825,
      -3.109999895095825,
      -2.2098162174224854,
      -6.28000020980835
    ],
    "q10": [
      -1.591244912147522,
      -1.7846863269805908,
      -2.340058970451355,
      -2.1995213508605955,
      -0.9139313519001006,
      -1.0051682710647583,
      -1.1028768181800843,
      -1.5518173933029176,
      -1.384407067298889,
      -0.6668783068656922,
      -1.2678544282913204,
      -2.235408878326416,
      -1.8495149254798888,
      -3.1899903774261475
    ],
    "q50": [
      -0.5351399779319763,
      -1.3439992666244507,
      -0.18726682662963867,
      -1.6307352185249329,
      0.7715454995632172,
      1.0774402618408203,
      1.124645471572876,
      0.8997657001018524,
      1.283279299736023,
      0.014696022495627403,
      1.616660237312317,
      -0.8178556561470032,
      -1.0022177696228027,
      -0.8809980154037476
    ],
    "q90": [
      1.9305130124092105,
      1.4414411783218386,
      0.7187181115150452,
      0.5007529497146611,
      2.4276180267333984,
      1.8577137351036075,
      2.6846288442611703,
      1.7068277120590212,
      1.7564360976219178,
      2.528779935836792,
      2.2154793739318848,
      1.1413068771362305,
      1.2448245167732244,
      0.9376921057701111
    ],
    "q99": [
      3.109999895095825,
      1.8859578526020049,
      3.109999895095825,
      2.2276793456077577,
      3.109999895095825,
      2.150632174015045,
      5.3012538814544525,
      2.308927536010742,
      2.087506055831909,
      3.109999895095825,
      2.359999895095825,
      3.109999895095825,
      2.1327169251441953,
      4.198623013496393
    ],
    "std": [
      1.367844069838859,
      1.153964578119501,
      1.2828270087179015,
      1.1046556126524099,
      1.2995969282562034,
      1.1002236671763783,
      1.796829314423632,
      1.3772765201318184,
      1.0847929416762898,
      1.2503203852591929,
      1.2265083585500387,
      1.298329357650413,
      1.1453931232273011,
      1.7733248836656097
    ]
  },
  "episode_index": {
    "count": [
      2303488
    ],
    "max": [
      1637.0
    ],
    "mean": [
      979.8475438118193
    ],
    "min": [
      0.0
    ],
    "q01": [
      14.0
    ],
    "q10": [
      206.0
    ],
    "q50": [
      1066.0
    ],
    "q90": [
      1573.0
    ],
    "q99": [
      1631.0
    ],
    "std": [
      506.48275498040005
    ]
  },
  "frame_index": {
    "count": [
      2303488
    ],
    "max": [
      13663.0
    ],
    "mean": [
      1256.9014468492999
    ],
    "min": [
      0.0
    ],
    "q01": [
      14.0
    ],
    "q10": [
      149.0
    ],
    "q50": [
      783.0
    ],
    "q90": [
      2929.0
    ],
    "q99": [
      7374.0
    ],
    "std": [
      1468.8721690500759
    ]
  },
  "index": {
    "count": [
      2303488
    ],
    "max": [
      2452691.0
    ],
    "mean": [
      1225948.1288281076
    ],
    "min": [
      0.0
    ],
    "q01": [
      23034.87
    ],
    "q10": [
      245586.7
    ],
    "q50": [
      1220302.5
    ],
    "q90": [
      2217586.3
    ],
    "q99": [
      2429656.13
    ],
    "std": [
      710517.511421353
    ]
  },
  "observation.state": {
    "count": [
      2303488
    ],
    "max": [
      3.109999895095825,
      2.256239414215088,
      3.1163899898529053,
      2.3628268241882324,
      3.115535020828247,
      2.2459070682525635,
      6.283394813537598,
      3.1092517375946045,
      2.269015312194824,
      3.110004186630249,
      2.3626348972320557,
      3.126530408859253,
      2.232729911804199,
      6.281003475189209
    ],
    "mean": [
      -0.14519589441964217,
      -0.8913328002817524,
      -0.309560306717082,
      -1.2970721254065334,
      0.7682094095700137,
      0.7840056545196201,
      0.9724259525813073,
      0.4039702969318051,
      0.9255690137672998,
      0.3148716090024935,
      1.1663255887445454,
      -0.6984726324945492,
      -0.6883627037119987,
      -0.9806823563694783
    ],
    "min": [
      -3.109999895095825,
      -2.2193257808685303,
      -3.110473394393921,
      -2.365339994430542,
      -3.1170010566711426,
      -2.232764720916748,
      -6.281789302825928,
      -3.109999895095825,
      -2.2067244052886963,
      -3.1145925521850586,
      -2.359999895095825,
      -3.1230573654174805,
      -2.23215389251709,
      -6.287129878997803
    ],
    "q01": [
      -2.0606579780578613,
      -2.0941878533363343,
      -3.1066861152648926,
      -2.359999895095825,
      -2.877838611602783,
      -2.047969341278076,
      -5.328542709350586,
      -3.1066861152648926,
      -1.992869257926941,
      -3.0560715198516846,
      -2.3378162384033203,
      -3.106616258621216,
      -2.2078938484191895,
      -6.279991149902344
    ],
    "q10": [
      -1.588773250579834,
      -1.7832727432250977,
      -2.3431742191314697,
      -2.1901612281799316,
      -0.9068381786346436,
      -1.0040006637573242,
      -1.1067411780357357,
      -1.5522609949111938,
      -1.379490852355957,
      -0.6615607738494872,
      -1.2655034065246582,
      -2.235819101333618,
      -1.8427318692207335,
      -3.181602883338928
    ],
    "q50": [
      -0.5338744521141052,
      -1.3447238206863403,
      -0.18718896806240082,
      -1.6307657957077026,
      0.7739495933055878,
      1.0792592763900757,
      1.1242538690567017,
      0.898093044757843,
      1.2840561866760254,
      0.01539028575643897,
      1.6165937185287476,
      -0.8179365396499634,
      -1.0035817623138428,
      -0.8806408047676086
    ],
    "q90": [
      1.941397869586947,
      1.43771493434906,
      0.7085041999816902,
      0.5291140079498291,
      2.4276132583618164,
      1.8539934158325195,
      2.6778411865234375,
      1.7041220664978027,
      1.7547017335891724,
      2.5294008255004883,
      2.206795907020569,
      1.1410613059997559,
      1.2321850061416626,
      0.9351229727268235
    ],